{"cameraMode":{"drawMode":0,"name":"Shaded","section":"Shading Mode"},"sceneLighting":true,"audioPlay":false,"sceneViewState":{"m_AlwaysRefresh":false,"showFog":true,"showSkybox":true,"showFlares":true,"showImageEffects":true,"showParticleSystems":true,"showVisualEffectGraphs":true,"m_FxEnabled":true},"in2DMode":false,"pivot":{"x":0.47638070583343508,"y":0.39528441429138186,"z":0.741256058216095},"rotation":{"x":0.3043452203273773,"y":0.018569190055131913,"z":-0.005934022832661867,"w":0.9523683786392212},"size":2.3626527786254885,"orthographic":false}