{"cameraMode":{"drawMode":0,"name":"Shaded","section":"Shading Mode"},"sceneLighting":true,"audioPlay":false,"sceneViewState":{"m_AlwaysRefresh":false,"showFog":true,"showSkybox":true,"showFlares":true,"showImageEffects":true,"showParticleSystems":true,"showVisualEffectGraphs":true,"m_FxEnabled":true},"in2DMode":false,"pivot":{"x":443.3352355957031,"y":213.4757537841797,"z":175.1039276123047},"rotation":{"x":0.08476876467466355,"y":-0.026302484795451165,"z":0.002234590472653508,"w":0.9960551261901856},"size":367.03826904296877,"orthographic":false}