{"cameraMode":{"drawMode":0,"name":"Shaded","section":"Shading Mode"},"sceneLighting":true,"audioPlay":false,"sceneViewState":{"m_AlwaysRefresh":false,"showFog":true,"showSkybox":true,"showFlares":true,"showImageEffects":true,"showParticleSystems":true,"showVisualEffectGraphs":true,"m_FxEnabled":true},"in2DMode":false,"pivot":{"x":0.34999990463256838,"y":2.8299999237060549,"z":-4.670000076293945},"rotation":{"x":0.06684926897287369,"y":0.7329742312431336,"z":-0.07280261814594269,"w":0.6730390191078186},"size":12.12435531616211,"orthographic":false}